INSERT INTO Mas_City (City_Name, State_Id) VALUES 
('Alluri Sitharama Raju',1),
('Anakapalli',1),
('Anantapuramu',1),
('Annamayya',1),
('Bapatla',1),
('Chittoor',1),
('Dr. B.R. Ambedkar Konaseema',1),
('East Godavari',1),
('Eluru',1),
('Guntur',1), 
('Kakinada',1),
('Krishna',1),
('Kurnool',1), 
('Nandyal',1),
('NTR',1),
('Palnadu',1),
('Parvathipuram Manyam',1),
('Prakasam',1),
('Sri Potti Sriramulu Nellore',1),
('Sri Satya Sai',1),
('Srikakulam',1),
('Tirupati',1),
('Visakhapatnam',1),
('Vizianagaram',1), 
('West Godavari',1),
('YSR Kadapa',1);

--Total 26

INSERT INTO Mas_City (City_Name, State_Id) VALUES
('Anjaw', 2),
('Changlang', 2),
('Dibang Valley', 2),
('East Kameng', 2),
('East Siang', 2),
('Itanagar', 2),
('Kamle', 2),
('Kra Daadi', 2),
('Kurung Kumey', 2),
('Lepa Rada', 2),
('Lohit', 2),
('Longding', 2),
('Lower Dibang Valley', 2),
('Lower Siang', 2),
('Lower Subansiri', 2),
('Namsai', 2),
('Pakke-Kessang', 2),
('Papum Pare', 2),
('Shi-Yomi', 2),
('Siang', 2),
('Tawang', 2),
('Tirap', 2),
('Upper Siang', 2),
('Upper Subansiri', 2),
('West Kameng', 2),
('West Siang', 2);

--Total 52

INSERT INTO Mas_City (City_Name, State_Id) VALUES
('Bajali', 3),
('Baksa', 3),
('Barpeta', 3),
('Biswanath', 3),
('Bongaigaon', 3),
('Cachar', 3),
('Charaideo', 3),
('Chirang', 3),
('Darrang', 3),
('Dhemaji', 3),
('Dhubri', 3),
('Dibrugarh', 3),
('Dima Hasao', 3),
('Goalpara', 3),
('Golaghat', 3),
('Hailakandi', 3),
('Hojai', 3),
('Jorhat', 3),
('Kamrup', 3),
('Kamrup Metropolitan', 3),
('Karbi Anglong', 3),
('Karimganj', 3),
('Kokrajhar', 3),
('Lakhimpur', 3),
('Majuli', 3),
('Morigaon', 3),
('Nagaon', 3),
('Nalbari', 3),
('Sivasagar', 3),
('Sonitpur', 3),
('South Salmara-Mankachar', 3),
('Tamulpur', 3),
('Tinsukia', 3),
('Udalguri', 3),
('West Karbi Anglong', 3);

--Total 87


INSERT INTO Mas_City (City_Name, State_Id) VALUES
('Araria', 4),
('Arwal', 4),
('Aurangabad', 4),
('Banka', 4),
('Begusarai', 4),
('Bhagalpur', 4),
('Bhojpur', 4),
('Buxar', 4),
('Darbhanga', 4),
('East Champaran', 4),
('Gaya', 4),
('Gopalganj', 4),
('Jamui', 4),
('Jehanabad', 4),
('Kaimur', 4),
('Katihar', 4),
('Khagaria', 4),
('Kishanganj', 4),
('Lakhisarai', 4),
('Madhepura', 4),
('Madhubani', 4),
('Munger', 4),
('Muzaffarpur', 4),
('Nalanda', 4),
('Nawada', 4),
('Patna', 4),
('Purnea', 4),
('Rohtas', 4),
('Saharsa', 4),
('Samastipur', 4),
('Saran', 4),
('Sheikhpura', 4),
('Sheohar', 4),
('Sitamarhi', 4),
('Siwan', 4),
('Supaul', 4),
('Vaishali', 4),
('West Champaran', 4);

--Total 125


INSERT INTO Mas_City (City_Name, State_Id) VALUES
('Balod', 5),
('Baloda Bazar', 5),
('Balrampur', 5),
('Bastar', 5),
('Bemetara', 5),
('Bijapur', 5),
('Bilaspur', 5),
('Dantewada', 5),
('Dhamtari', 5),
('Durg', 5),
('Gariaband', 5),
('Gaurela-Pendra-Marwahi', 5),
('Janjgir-Champa', 5),
('Jashpur', 5),
('Kabirdham', 5),
('Kanker', 5),
('Khairagarh-Chhuikhadan-Gandai', 5),
('Kondagaon', 5),
('Korba', 5),
('Korea', 5),
('Mahasamund', 5),
('Manendragarh-Chirmiri-Bharatpur', 5),
('Mohla-Manpur-Ambagarh Chowki', 5),
('Mungeli', 5),
('Narayanpur', 5),
('Raigarh', 5),
('Raipur', 5),
('Rajnandgaon', 5),
('Sarangarh-Bilaigarh', 5),
('Shakti', 5),
('Sukma', 5),
('Surajpur', 5),
('Surguja', 5);

--Total 158

INSERT INTO Mas_City (City_Name, State_Id) VALUES
('North Goa', 6),
('South Goa', 6);

--Total 158

INSERT INTO Mas_City (City_Name, State_Id) VALUES
('Ahmedabad', 7),
('Amreli', 7),
('Anand', 7),
('Aravalli', 7),
('Banaskantha', 7),
('Bharuch', 7),
('Bhavnagar', 7),
('Botad', 7),
('Chhotaudepur', 7),
('Dahod', 7),
('Devbhumi Dwarka', 7),
('Gandhinagar', 7),
('Gir Somnath', 7),
('Jamnagar', 7),
('Junagadh', 7),
('Kutch', 7),
('Kheda', 7),
('Mahesana', 7),
('Mahisagar', 7),
('Morbi', 7),
('Narmada', 7),
('Navsari', 7),
('Panchmahal', 7),
('Patan', 7),
('Porbandar', 7),
('Rajkot', 7),
('Sabarkantha', 7),
('Surat', 7),
('Surendranagar', 7),
('Tapi', 7),
('The Dangs', 7),
('Vadodara', 7),
('Valsad', 7);

--Total 193

INSERT INTO Mas_City (City_Name, State_Id) VALUES
('Ambala', 8),
('Bhiwani', 8),
('Charkhi Dadri', 8),
('Faridabad', 8),
('Fatehabad', 8),
('Gurugram', 8),
('Hisar', 8),
('Jhajjar', 8),
('Jind', 8),
('Kaithal', 8),
('Karnal', 8),
('Kurukshetra', 8),
('Mahendragarh', 8),
('Nuh', 8),
('Palwal', 8),
('Panchkula', 8),
('Panipat', 8),
('Rewari', 8),
('Rohtak', 8),
('Sirsa', 8),
('Sonipat', 8),
('Yamunanagar', 8);

--Total 215

INSERT INTO Mas_City (City_Name, State_Id) VALUES
('Bilaspur', 9),
('Chamba', 9),
('Hamirpur', 9),
('Kangra', 9),
('Kinnaur', 9),
('Kullu', 9),
('Lahaul and Spiti', 9),
('Mandi', 9),
('Shimla', 9),
('Sirmaur', 9),
('Solan', 9),
('Una', 9);

--Total 227

INSERT INTO Mas_City (City_Name, State_Id) VALUES
('Bokaro', 10),
('Chatra', 10),
('Deoghar', 10),
('Dhanbad', 10),
('Dumka', 10),
('East Singhbhum', 10),
('Garhwa', 10),
('Giridih', 10),
('Godda', 10),
('Gumla', 10),
('Hazaribagh', 10),
('Jamtara', 10),
('Khunti', 10),
('Koderma', 10),
('Latehar', 10),
('Lohardaga', 10),
('Pakur', 10),
('Palamu', 10),
('Ramgarh', 10),
('Ranchi', 10),
('Sahibganj', 10),
('Seraikela-Kharsawan', 10),
('Simdega', 10),
('West Singhbhum', 10);

--Total 251

INSERT INTO Mas_City (City_Name, State_Id) VALUES
('Bagalkot', 11),
('Ballari', 11),
('Belagavi', 11),
('Bengaluru Rural', 11),
('Bengaluru Urban', 11),
('Bidar', 11),
('Chamarajanagar', 11),
('Chikkaballapura', 11),
('Chikkamagaluru', 11),
('Chitradurga', 11),
('Dakshina Kannada', 11),
('Davanagere', 11),
('Dharwad', 11),
('Gadag', 11),
('Hassan', 11),
('Haveri', 11),
('Kalaburagi', 11),
('Kodagu', 11),
('Kolar', 11),
('Koppal', 11),
('Mandya', 11),
('Mysuru', 11),
('Raichur', 11),
('Ramanagara', 11),
('Shivamogga', 11),
('Tumakuru', 11),
('Udupi', 11),
('Uttara Kannada', 11),
('Vijayanagar', 11),
('Vijayapura', 11),
('Yadgir', 11);

--Total 282

INSERT INTO Mas_City (City_Name, State_Id) VALUES
('Alappuzha', 12),
('Ernakulam', 12),
('Idukki', 12),
('Kannur', 12),
('Kasaragod', 12),
('Kollam', 12),
('Kottayam', 12),
('Kozhikode', 12),
('Malappuram', 12),
('Palakkad', 12),
('Pathanamthitta', 12),
('Thiruvananthapuram', 12),
('Thrissur', 12),
('Wayanad', 12);

--Total 296 

INSERT INTO Mas_City (City_Name, State_Id) VALUES
('Agar Malwa', 13),
('Alirajpur', 13),
('Anuppur', 13),
('Ashoknagar', 13),
('Balaghat', 13),
('Barwani', 13),
('Betul', 13),
('Bhind', 13),
('Bhopal', 13),
('Burhanpur', 13),
('Chhatarpur', 13),
('Chhindwara', 13),
('Damoh', 13),
('Datia', 13),
('Dewas', 13),
('Dhar', 13),
('Dindori', 13),
('Guna', 13),
('Gwalior', 13),
('Harda', 13),
('Hoshangabad', 13),
('Indore', 13),
('Jabalpur', 13),
('Jhabua', 13),
('Katni', 13),
('Khandwa', 13),
('Khargone', 13),
('Mandla', 13),
('Mandsaur', 13),
('Mauganj', 13),
('Morena', 13),
('Narmadapuram', 13),
('Narsinghpur', 13),
('Neemuch', 13),
('Niwari', 13),
('Panna', 13),
('Raisen', 13),
('Rajgarh', 13),
('Ratlam', 13),
('Rewa', 13),
('Sagar', 13),
('Satna', 13),
('Sehore', 13),
('Seoni', 13),
('Shahdol', 13),
('Shajapur', 13),
('Sheopur', 13),
('Shivpuri', 13),
('Sidhi', 13),
('Singrauli', 13),
('Tikamgarh', 13),
('Ujjain', 13),
('Umaria', 13),
('Vidisha', 13);

--Total 350

INSERT INTO Mas_City (City_Name, State_Id) VALUES
('Ahmednagar', 14),
('Akola', 14),
('Amravati', 14),
('Aurangabad', 14),
('Beed', 14),
('Bhandara', 14),
('Buldhana', 14),
('Chandrapur', 14),
('Dhule', 14),
('Gadchiroli', 14),
('Gondia', 14),
('Hingoli', 14),
('Jalgaon', 14),
('Jalna', 14),
('Kolhapur', 14),
('Latur', 14),
('Mumbai City', 14),
('Mumbai Suburban', 14),
('Nagpur', 14),
('Nanded', 14),
('Nandurbar', 14),
('Nashik', 14),
('Osmanabad', 14),
('Palghar', 14),
('Parbhani', 14),
('Pune', 14),
('Raigad', 14),
('Ratnagiri', 14),
('Sangli', 14),
('Satara', 14),
('Sindhudurg', 14),
('Solapur', 14),
('Thane', 14),
('Wardha', 14),
('Washim', 14),
('Yavatmal', 14);

---Total 386

INSERT INTO Mas_City (City_Name, State_Id) VALUES
('Bishnupur', 15),
('Chandel', 15),
('Churachandpur', 15),
('Imphal East', 15),
('Imphal West', 15),
('Jiribam', 15),
('Kakching', 15),
('Kamjong', 15),
('Kangpokpi', 15),
('Noney', 15),
('Pherzawl', 15),
('Senapati', 15),
('Tamenglong', 15),
('Tengnoupal', 15),
('Thoubal', 15),
('Ukhrul', 15);

--Total 402

INSERT INTO Mas_City (City_Name, State_Id) VALUES
('East Garo Hills', 16),
('East Jaintia Hills', 16),
('East Khasi Hills', 16),
('North Garo Hills', 16),
('Ri Bhoi', 16),
('South Garo Hills', 16),
('South West Garo Hills', 16),
('South West Khasi Hills', 16),
('West Garo Hills', 16),
('West Jaintia Hills', 16),
('West Khasi Hills', 16),
('Mairang', 16);

--Total 414

INSERT INTO Mas_City (City_Name, State_Id) VALUES
('Aizawl', 17),
('Champhai', 17),
('Hnahthial', 17),
('Khawzawl', 17),
('Kolasib', 17),
('Lawngtlai', 17),
('Lunglei', 17),
('Mamit', 17),
('Saiha', 17),
('Saitual', 17),
('Serchhip', 17);

--Total 425


INSERT INTO Mas_City (City_Name, State_Id) VALUES
('Chumukedima', 18),
('Dimapur', 18),
('Kiphire', 18),
('Kohima', 18),
('Longleng', 18),
('Mokokchung', 18),
('Mon', 18),
('Niuland', 18),
('Noklak', 18),
('Peren', 18),
('Phek', 18),
('Shamator', 18),
('Tseminyu', 18),
('Tuensang', 18),
('Wokha', 18),
('Zunheboto', 18);

--Total 441


INSERT INTO Mas_City (City_Name, State_Id) VALUES
('Angul', 19),
('Balangir', 19),
('Balasore', 19),
('Bargarh', 19),
('Bhadrak', 19),
('Boudh', 19),
('Cuttack', 19),
('Deogarh', 19),
('Dhenkanal', 19),
('Gajapati', 19),
('Ganjam', 19),
('Jagatsinghpur', 19),
('Jajpur', 19),
('Jharsuguda', 19),
('Kalahandi', 19),
('Kandhamal', 19),
('Kendrapara', 19),
('Kendujhar', 19),
('Khordha', 19),
('Koraput', 19),
('Malkangiri', 19),
('Mayurbhanj', 19),
('Nabarangpur', 19),
('Nayagarh', 19),
('Nuapada', 19),
('Puri', 19),
('Rayagada', 19),
('Sambalpur', 19),
('Subarnapur', 19),
('Sundargarh', 19);

--Total 471

INSERT INTO Mas_City (City_Name, State_Id) VALUES
('Amritsar', 20),
('Barnala', 20),
('Bathinda', 20),
('Faridkot', 20),
('Fatehgarh Sahib', 20),
('Fazilka', 20),
('Ferozepur', 20),
('Gurdaspur', 20),
('Hoshiarpur', 20),
('Jalandhar', 20),
('Kapurthala', 20),
('Ludhiana', 20),
('Malerkotla', 20),
('Mansa', 20),
('Moga', 20),
('Pathankot', 20),
('Patiala', 20),
('Rupnagar', 20),
('Sahibzada Ajit Singh Nagar', 20),
('Sangrur', 20),
('Shahid Bhagat Singh Nagar', 20),
('Sri Muktsar Sahib', 20),
('Tarn Taran', 20);

--Total 494

INSERT INTO Mas_City (City_Name, State_Id) VALUES
('Ajmer', 21),
('Alwar', 21),
('Balotra', 21),
('Banswara', 21),
('Baran', 21),
('Barmer', 21),
('Beawar', 21),
('Bharatpur', 21),
('Bhilwara', 21),
('Bikaner', 21),
('Bundi', 21),
('Chittorgarh', 21),
('Churu', 21),
('Dausa', 21),
('Deeg', 21),
('Didwana-Kuchaman', 21),
('Dholpur', 21),
('Dungarpur', 21),
('Hanumangarh', 21),
('Jaipur', 21),
('Jaisalmer', 21),
('Jalore', 21),
('Jhalawar', 21),
('Jhunjhunu', 21),
('Jodhpur', 21),
('Karauli', 21),
('Khairthal-Tijara', 21),
('Kota', 21),
('Kotputli-Behror', 21),
('Nagaur', 21),
('Pali', 21),
('Phalodi', 21),
('Pratapgarh', 21),
('Rajsamand', 21),
('Salumbar', 21),
('Sawai Madhopur', 21),
('Sikar', 21),
('Sirohi', 21),
('Sri Ganganagar', 21),
('Tonk', 21),
('Udaipur', 21);


--Total 535


INSERT INTO Mas_City (City_Name, State_Id) VALUES
('Gangtok', 22),
('Mangan', 22),
('Namchi', 22),
('Pakyong', 22),
('Soreng', 22),
('Gyalshing', 22);

--Total 541

INSERT INTO Mas_City (City_Name, State_Id) VALUES
('Ariyalur', 23),
('Chengalpattu', 23),
('Chennai', 23),
('Coimbatore', 23),
('Cuddalore', 23),
('Dharmapuri', 23),
('Dindigul', 23),
('Erode', 23),
('Kallakurichi', 23),
('Kancheepuram', 23),
('Kanniyakumari', 23),
('Karur', 23),
('Krishnagiri', 23),
('Madurai', 23),
('Mayiladuthurai', 23),
('Nagapattinam', 23),
('Namakkal', 23),
('Nilgiris', 23),
('Perambalur', 23),
('Pudukkottai', 23),
('Ramanathapuram', 23),
('Ranipet', 23),
('Salem', 23),
('Sivaganga', 23),
('Tenkasi', 23),
('Thanjavur', 23),
('Theni', 23),
('Thoothukudi', 23),
('Tiruchirappalli', 23),
('Tirunelveli', 23),
('Tirupathur', 23),
('Tiruvannamalai', 23),
('Tiruvarur', 23),
('Vellore', 23),
('Viluppuram', 23),
('Virudhunagar', 23);


--Total 577

INSERT INTO Mas_City (City_Name, State_Id) VALUES
('Adilabad', 24),
('Bhadradri Kothagudem', 24),
('Hanumakonda', 24),
('Hyderabad', 24),
('Jagtial', 24),
('Jangaon', 24),
('Jayashankar Bhupalpally', 24),
('Jogulamba Gadwal', 24),
('Kamareddy', 24),
('Karimnagar', 24),
('Khammam', 24),
('Komaram Bheem', 24),
('Mahabubabad', 24),
('Mahabubnagar', 24),
('Mancherial', 24),
('Medak', 24),
('Medchal-Malkajgiri', 24),
('Mulugu', 24),
('Nagarkurnool', 24),
('Nalgonda', 24),
('Narayanpet', 24),
('Nirmal', 24),
('Nizamabad', 24),
('Peddapalli', 24),
('Rajanna Sircilla', 24),
('Rangareddy', 24),
('Sangareddy', 24),
('Siddipet', 24),
('Suryapet', 24),
('Vikarabad', 24),
('Wanaparthy', 24),
('Warangal', 24),
('Yadadri Bhuvanagiri', 24);

--Total 610


INSERT INTO Mas_City (City_Name, State_Id) VALUES
('Dhalai', 25),
('Gomati', 25),
('Khowai', 25),
('North Tripura', 25),
('Sepahijala', 25),
('South Tripura', 25),
('Unakoti', 25),
('West Tripura', 25);

--Total 618


INSERT INTO Mas_City (City_Name, State_Id) VALUES
('Agra', 26),
('Aligarh', 26),
('Allahabad (Prayagraj)', 26),
('Ambedkar Nagar', 26),
('Amethi', 26),
('Amroha', 26),
('Auraiya', 26),
('Azamgarh', 26),
('Badaun', 26),
('Bahraich', 26),
('Ballia', 26),
('Balrampur', 26),
('Banda', 26),
('Barabanki', 26),
('Bareilly', 26),
('Basti', 26),
('Bhadohi', 26),
('Bijnor', 26),
('Budaun', 26),
('Bulandshahr', 26),
('Chandauli', 26),
('Chitrakoot', 26),
('Deoria', 26),
('Etah', 26),
('Etawah', 26),
('Ayodhya', 26),
('Farrukhabad', 26),
('Fatehpur', 26),
('Firozabad', 26),
('Gautam Buddha Nagar', 26),
('Ghaziabad', 26),
('Ghazipur', 26),
('Gonda', 26),
('Gorakhpur', 26),
('Hamirpur', 26),
('Hapur', 26),
('Hardoi', 26),
('Hathras', 26),
('Jalaun', 26),
('Jaunpur', 26),
('Jhansi', 26),
('Kannauj', 26),
('Kanpur Dehat', 26),
('Kanpur Nagar', 26),
('Kasganj', 26),
('Kaushambi', 26),
('Kheri', 26),
('Kushinagar', 26),
('Lalitpur', 26),
('Lucknow', 26),
('Maharajganj', 26),
('Mahoba', 26),
('Mainpuri', 26),
('Mathura', 26),
('Mau', 26),
('Meerut', 26),
('Mirzapur', 26),
('Moradabad', 26),
('Muzaffarnagar', 26),
('Pilibhit', 26),
('Pratapgarh', 26),
('Raebareli', 26),
('Rampur', 26),
('Saharanpur', 26),
('Sambhal', 26),
('Sant Kabir Nagar', 26),
('Shahjahanpur', 26),
('Shamli', 26),
('Shravasti', 26),
('Siddharthnagar', 26),
('Sitapur', 26),
('Sonbhadra', 26),
('Sultanpur', 26),
('Unnao', 26),
('Varanasi', 26);

--Total 693

INSERT INTO Mas_City (City_Name, State_Id) VALUES
('Almora', 27),
('Bageshwar', 27),
('Chamoli', 27),
('Champawat', 27),
('Dehradun', 27),
('Haridwar', 27),
('Nainital', 27),
('Pauri Garhwal', 27),
('Pithoragarh', 27),
('Rudraprayag', 27),
('Tehri Garhwal', 27),
('Udham Singh Nagar', 27),
('Uttarkashi', 27);

--Total 706

INSERT INTO Mas_City (City_Name, State_Id) VALUES
('Alipurduar', 28),
('Bankura', 28),
('Birbhum', 28),
('Cooch Behar', 28),
('Dakshin Dinajpur', 28),
('Darjeeling', 28),
('Hooghly', 28),
('Howrah', 28),
('Jalpaiguri', 28),
('Jhargram', 28),
('Kalimpong', 28),
('Kolkata', 28),
('Malda', 28),
('Murshidabad', 28),
('Nadia', 28),
('North 24 Parganas', 28),
('Paschim Bardhaman', 28),
('Paschim Medinipur', 28),
('Purba Bardhaman', 28),
('Purba Medinipur', 28),
('Purulia', 28),
('South 24 Parganas', 28),
('Uttar Dinajpur', 28);

--Total 729

INSERT INTO Mas_City (City_Name, State_Id) VALUES
('Nicobar', 29),
('North and Middle Andaman', 29),
('South Andaman', 29),
('Chandigarh', 30),
('Daman', 31),
('Diu', 31),
('Dadra and Nagar Haveli', 31),
('Central Delhi', 32),
('East Delhi', 32),
('New Delhi', 32),
('North Delhi', 32),
('North East Delhi', 32),
('North West Delhi', 32),
('Shahdara', 32),
('South Delhi', 32),
('South East Delhi', 32),
('South West Delhi', 32),
('West Delhi', 32),
('Anantnag', 33),
('Bandipora', 33),
('Baramulla', 33),
('Budgam', 33),
('Doda', 33),
('Ganderbal', 33),
('Jammu', 33),
('Kathua', 33),
('Kishtwar', 33),
('Kulgam', 33),
('Kupwara', 33),
('Poonch', 33),
('Pulwama', 33),
('Rajouri', 33),
('Ramban', 33),
('Reasi', 33),
('Samba', 33),
('Shopian', 33),
('Srinagar', 33),
('Udhampur', 33),
('Drass', 34),
('Kargil', 34),
('Leh', 34),
('Sham', 34),
('Lakshadweep', 35),
('Karaikal', 36),
('Mahe', 36),
('Puducherry', 36),
('Yanam', 36);

-- Total 776


update mas_city set city_code ='EGH_ML' where city_id=403;
update mas_city set city_code ='EJH_ML' where city_id=404;
update mas_city set city_code ='EK_AR' where city_id=30 ;
update mas_city set city_code ='EKH_ML' where city_id=405;
update mas_city set city_code ='ES_AR' where city_id=31 ;
update mas_city set city_code ='GHAZ_UP' where city_id=649;
update mas_city set city_code ='GHAZI_UP' where city_id=650;
update mas_city set city_code ='IMPE_MN' where city_id=390;
update mas_city set city_code ='IMPW_MN' where city_id=391;
update mas_city set city_code ='KAMR_AS' where city_id=71 ;
update mas_city set city_code ='KAME_AS' where city_id=72 ;
update mas_city set city_code ='KAND_UP' where city_id=661;
update mas_city set city_code ='KANP_UP' where city_id=662;
update mas_city set city_code ='KENDR_OD' where city_id=458;
update mas_city set city_code ='KENDU_OD' where city_id=459;
update mas_city set city_code ='LDV_AR' where city_id=39 ;
update mas_city set city_code ='LOSI_AR' where city_id=40 ;
update mas_city set city_code ='LOSU_AR' where city_id=41 ;
update mas_city set city_code ='MADHP_BR' where city_id=107;
update mas_city set city_code ='MADHB_BR' where city_id=108;
update mas_city set city_code ='MABAD_TS' where city_id=590;
update mas_city set city_code ='MAGAR_TS' where city_id=591;
update mas_city set city_code ='ND_DL' where city_id=740;
update mas_city set city_code ='NED_DL' where city_id=741;
update mas_city set city_code ='NWD_DL' where city_id=742;
update mas_city set city_code ='PAM_WB' where city_id=724;
update mas_city set city_code ='PAB_WB' where city_id=723;
update mas_city set city_code ='PUB_WB' where city_id=725;
update mas_city set city_code ='PUM_WB' where city_id=726;
update mas_city set city_code ='TIRLI_TN' where city_id=570;
update mas_city set city_code ='TIRUN_TN' where city_id=571;
update mas_city set city_code ='TIRUP_TN' where city_id=572;
update mas_city set city_code ='TIRUV_TN' where city_id=573;
update mas_city set city_code ='TIRUR_TN' where city_id=574;
update mas_city set city_code ='UPSI_AR' where city_id=49 ;
update mas_city set city_code ='UPSU_AR' where city_id=50 ;
update mas_city set city_code ='VIJGAR_KA' where city_id=280;
update mas_city set city_code ='VIJRA_KA' where city_id=281;
update mas_city set city_code ='WGH_ML' where city_id=411;
update mas_city set city_code ='WJH_ML' where city_id=412;
update mas_city set city_code ='WK_AR' where city_id=51 ;
update mas_city set city_code ='WKH_ML' where city_id=413;
update mas_city set city_code ='WESI_AR' where city_id=52 ;
update mas_city set city_code ='CHAMO_UK' where city_id=696;
update mas_city set city_code ='CHAMP_UK' where city_id=697;
update mas_city set city_code ='BALAN_OD' where city_id=443;
update mas_city set city_code ='BALAS_OD' where city_id=444;
update mas_city set city_code ='BALOD_CG' where city_id=126;
update mas_city set city_code ='BABA_CG' where city_id=127;
update mas_city set city_code ='MALA_MP' where city_id=324;
update mas_city set city_code ='MAUR_MP' where city_id=325;
update mas_city set city_code ='MUMC_MH' where city_id=367;
update mas_city set city_code ='MUMS_MH' where city_id=368;
update mas_city set city_code ='NAED_MH' where city_id=370;
update mas_city set city_code ='NAAR_MH' where city_id=371;
update mas_city set city_code ='CHTU_TN' where city_id=543;
update mas_city set city_code ='CHEN_TN' where city_id=544;
update mas_city set city_code ='CHIKR_KA' where city_id=259;
update mas_city set city_code ='CHIKU_KA' where city_id=260;
update mas_city set city_code ='SWKH_ML' where city_id=410;
update mas_city set city_code ='SWGH_ML' where city_id=409;
update mas_city set city_code ='SWD_DL' where city_id=746;
update mas_city set city_code ='BENR_KA' where city_id=255;
update mas_city set city_code ='BENU_KA' where city_id=256;
update mas_city set city_code ='SD_DL' where city_id=744;
update mas_city set city_code ='SED_DL' where city_id=745;
update mas_city set city_code ='SGH_ML' where city_id=408;